<?xml version = '1.0' encoding = 'UTF-8'?>
<relationalModel class="oracle.dbtools.crest.model.design.relational.RelationalDesign" name="Relational_1" id="EA3657BA-5619-7B94-88E8-177FF9D8C5C1" mainViewID="F8D69D0A-58C2-0006-6FCF-1B0AE3D4FC3B">
<createdBy>rodrigo.lorandi_sout</createdBy>
<createdTime>2023-04-13 01:54:41 UTC</createdTime>
<ownerDesignName>alocacao</ownerDesignName>
<shouldBeOpen>false</shouldBeOpen>
<selectedRDBMSSite>32076570-2523-435C-2E92-BF29817DFF70</selectedRDBMSSite>
</relationalModel>