<?xml version = '1.0' encoding = 'UTF-8'?>
<Relation class="oracle.dbtools.crest.model.design.logical.Relation" name="Allocation Client FK" directorySegmentName="seg_0" id="1F5109AA-A3F2-D798-ECCF-026404DACF4B">
<createdBy>rodrigo.lorandi_sout</createdBy>
<createdTime>2023-04-13 00:25:24 UTC</createdTime>
<ownerDesignName>alocacao</ownerDesignName>
<engineerTo>
<item key="EA3657BA-5619-7B94-88E8-177FF9D8C5C1" value="true"/>
</engineerTo>
<sourcePk>E6FBCABF-C984-D5A7-3F53-3B3A1F6486BD</sourcePk>
<identifying>false</identifying>
<optionalSource>true</optionalSource>
<optionalTarget>false</optionalTarget>
<sourceCardinality>1</sourceCardinality>
<sourceEntity>F7CF3615-EB7E-A770-4D1A-11C78CAC2C30</sourceEntity>
<targetCardinalityString>*</targetCardinalityString>
<targetEntity>320C33F6-7E6B-CD7D-1A9E-B02AEC43B40E</targetEntity>
<transferable>true</transferable>
<deleteRule>NO ACTION</deleteRule>
</Relation>