<?xml version = '1.0' encoding = 'UTF-8'?>
<Relation class="oracle.dbtools.crest.model.design.logical.Relation" name="Personal info Address FK" directorySegmentName="seg_0" id="6CE264BA-D870-A116-2AF4-BBCE18ABFA7A">
<createdBy>rodrigo.lorandi_sout</createdBy>
<createdTime>2023-04-13 00:16:57 UTC</createdTime>
<ownerDesignName>alocacao</ownerDesignName>
<engineerTo>
<item key="EA3657BA-5619-7B94-88E8-177FF9D8C5C1" value="true"/>
</engineerTo>
<sourcePk>5060CEDF-D89E-3A50-0C3F-BF3198E6DD30</sourcePk>
<targetPk>1DBBFD63-D75D-156A-4352-86856AFD9345</targetPk>
<identifying>false</identifying>
<optionalSource>false</optionalSource>
<optionalTarget>true</optionalTarget>
<sourceCardinality>1</sourceCardinality>
<sourceEntity>DA3ABE30-52BA-36F3-4B49-93F671E77BBF</sourceEntity>
<targetCardinalityString>1</targetCardinalityString>
<targetEntity>0D7306AE-64A8-380D-33FA-A20EB6C5B91B</targetEntity>
<transferable>true</transferable>
<deleteRule>NO ACTION</deleteRule>
</Relation>