<?xml version = '1.0' encoding = 'UTF-8'?>
<Relation class="oracle.dbtools.crest.model.design.logical.Relation" name="Relation_14" directorySegmentName="seg_0" id="7A8650BD-71D2-CCD1-E6BE-4B35675E9A66">
<createdBy>rodrigo.lorandi_sout</createdBy>
<createdTime>2023-04-13 01:21:58 UTC</createdTime>
<ownerDesignName>alocacao</ownerDesignName>
<engineerTo>
<item key="EA3657BA-5619-7B94-88E8-177FF9D8C5C1" value="true"/>
</engineerTo>
<sourcePk>B7444E12-8213-4A1A-F41E-52A1C273D1BF</sourcePk>
<identifying>false</identifying>
<optionalSource>true</optionalSource>
<optionalTarget>true</optionalTarget>
<sourceCardinality>*</sourceCardinality>
<sourceEntity>52E7C041-FB5D-6067-378D-18BC8F833BF5</sourceEntity>
<targetCardinalityString>*</targetCardinalityString>
<targetEntity>B48EB93C-4D12-1E1D-EB8D-BFF4EC7CBACF</targetEntity>
<transferable>true</transferable>
<deleteRule>NO ACTION</deleteRule>
</Relation>