<?xml version = '1.0' encoding = 'UTF-8'?>
<Relation class="oracle.dbtools.crest.model.design.logical.Relation" name="Professional info Professional FK" directorySegmentName="seg_0" id="9857CE0A-A714-83C4-E817-2CE141EF0F6A">
<createdBy>rodrigo.lorandi_sout</createdBy>
<createdTime>2023-04-13 00:14:57 UTC</createdTime>
<ownerDesignName>alocacao</ownerDesignName>
<engineerTo>
<item key="EA3657BA-5619-7B94-88E8-177FF9D8C5C1" value="true"/>
</engineerTo>
<sourcePk>B7444E12-8213-4A1A-F41E-52A1C273D1BF</sourcePk>
<targetPk>76AE7067-5E9E-D102-C1A3-DD012ADBE294</targetPk>
<identifying>false</identifying>
<optionalSource>true</optionalSource>
<optionalTarget>false</optionalTarget>
<sourceCardinality>1</sourceCardinality>
<sourceEntity>52E7C041-FB5D-6067-378D-18BC8F833BF5</sourceEntity>
<targetCardinalityString>1</targetCardinalityString>
<targetEntity>25033D51-39B4-976D-F3E1-4AD54656F12E</targetEntity>
<transferable>true</transferable>
<deleteRule>NO ACTION</deleteRule>
</Relation>