<?xml version = '1.0' encoding = 'UTF-8'?>
<Relation class="oracle.dbtools.crest.model.design.logical.Relation" name="Personal info Professional FK" directorySegmentName="seg_0" id="D2C82CD7-C334-3C50-34CE-74BEBF0BBE3C">
<createdBy>rodrigo.lorandi_sout</createdBy>
<createdTime>2023-04-13 00:23:44 UTC</createdTime>
<ownerDesignName>alocacao</ownerDesignName>
<engineerTo>
<item key="EA3657BA-5619-7B94-88E8-177FF9D8C5C1" value="true"/>
</engineerTo>
<sourcePk>5060CEDF-D89E-3A50-0C3F-BF3198E6DD30</sourcePk>
<targetPk>B7444E12-8213-4A1A-F41E-52A1C273D1BF</targetPk>
<identifying>false</identifying>
<optionalSource>false</optionalSource>
<optionalTarget>true</optionalTarget>
<sourceCardinality>1</sourceCardinality>
<sourceEntity>DA3ABE30-52BA-36F3-4B49-93F671E77BBF</sourceEntity>
<targetCardinalityString>1</targetCardinalityString>
<targetEntity>52E7C041-FB5D-6067-378D-18BC8F833BF5</targetEntity>
<transferable>true</transferable>
<deleteRule>NO ACTION</deleteRule>
</Relation>