<?xml version = '1.0' encoding = 'UTF-8'?>
<Entity class="oracle.dbtools.crest.model.design.logical.Entity" directorySegmentName="seg_0" id="25033D51-39B4-976D-F3E1-4AD54656F12E" name="Professional info">
<createdBy>rodrigo.lorandi_sout</createdBy>
<createdTime>2023-04-12 22:57:38 UTC</createdTime>
<ownerDesignName>alocacao</ownerDesignName>
<engineerTo>
<item key="EA3657BA-5619-7B94-88E8-177FF9D8C5C1" value="true"/>
</engineerTo>
<adequatelyNormalized>NO</adequatelyNormalized>
<expectedVolumes>0</expectedVolumes>
<fwdEngineeringStrategyName>Single Table</fwdEngineeringStrategyName>
<growthPercent>0</growthPercent>
<growthType>Year</growthType>
<maxVolumes>9999999</maxVolumes>
<minVolumes>0</minVolumes>
<normalForm>Third</normalForm>
<attributes itemClass="oracle.dbtools.crest.model.design.logical.Attribute">
<Attribute name="id professional info" id="2B7FEBC7-7B9B-66CA-C8B7-37799B2313F1">
<createdBy>rodrigo.lorandi_sout</createdBy>
<createdTime>2023-04-13 01:03:07 UTC</createdTime>
<ownerDesignName>alocacao</ownerDesignName>
<engineerTo>
<item key="EA3657BA-5619-7B94-88E8-177FF9D8C5C1" value="true"/>
</engineerTo>
<useDomainConstraints>false</useDomainConstraints>
<use>1</use>
<logicalDatatype>LOGDT019</logicalDatatype>
<ownDataTypeParameters>,,</ownDataTypeParameters>
</Attribute>
<Attribute name="hire format" id="00265874-B2A2-10E1-CDC7-BD494FCDF630">
<createdBy>rodrigo.lorandi_sout</createdBy>
<createdTime>2023-04-12 22:58:05 UTC</createdTime>
<ownerDesignName>alocacao</ownerDesignName>
<engineerTo>
<item key="EA3657BA-5619-7B94-88E8-177FF9D8C5C1" value="true"/>
</engineerTo>
<useDomainConstraints>false</useDomainConstraints>
<use>1</use>
<logicalDatatype>A3A3C77D-0366-9768-FF89-1C25E56881C8</logicalDatatype>
<ownDataTypeParameters>,,</ownDataTypeParameters>
</Attribute>
<Attribute name="salary value" id="90401E30-E8AC-A5EF-AA16-4EE26D8A1899">
<createdBy>rodrigo.lorandi_sout</createdBy>
<createdTime>2023-04-13 01:10:26 UTC</createdTime>
<ownerDesignName>alocacao</ownerDesignName>
<engineerTo>
<item key="EA3657BA-5619-7B94-88E8-177FF9D8C5C1" value="true"/>
</engineerTo>
<useDomainConstraints>false</useDomainConstraints>
<use>1</use>
<logicalDatatype>LOGDT019</logicalDatatype>
<ownDataTypeParameters>,,</ownDataTypeParameters>
</Attribute>
<Attribute name="payday" id="3A2C2A4A-5D89-5C3B-E6DB-197451F32FB4">
<createdBy>rodrigo.lorandi_sout</createdBy>
<createdTime>2023-04-13 01:10:54 UTC</createdTime>
<ownerDesignName>alocacao</ownerDesignName>
<engineerTo>
<item key="EA3657BA-5619-7B94-88E8-177FF9D8C5C1" value="true"/>
</engineerTo>
<useDomainConstraints>false</useDomainConstraints>
<use>1</use>
<logicalDatatype>LOGDT007</logicalDatatype>
<ownDataTypeParameters>,,</ownDataTypeParameters>
</Attribute>
<Attribute name="Professional id professional" id="BE2FEBA5-7DC2-AA77-1121-76CF0C14E8D6">
<createdBy>rodrigo.lorandi_sout</createdBy>
<createdTime>2023-04-13 01:32:46 UTC</createdTime>
<generatorID>9857CE0A-A714-83C4-E817-2CE141EF0F6A</generatorID>
<ownerDesignName>alocacao</ownerDesignName>
<engineerTo>
<item key="EA3657BA-5619-7B94-88E8-177FF9D8C5C1" value="true"/>
</engineerTo>
<referedAttribute>D92F6C7D-8F61-F487-2F4B-127B1A47AF74</referedAttribute>
<useDomainConstraints>false</useDomainConstraints>
<use>1</use>
<logicalDatatype>LOGDT019</logicalDatatype>
<ownDataTypeParameters>,,</ownDataTypeParameters>
</Attribute>
</attributes>
<identifiers itemClass="oracle.dbtools.crest.model.design.logical.CandidateKey">
<identifier id="76AE7067-5E9E-D102-C1A3-DD012ADBE294" name="Professional_info_PK">
<createdBy>rodrigo.lorandi_sout</createdBy>
<createdTime>2023-04-12 22:59:18 UTC</createdTime>
<ownerDesignName>alocacao</ownerDesignName>
<shouldEngineer>false</shouldEngineer>
<engineerTo>
<item key="EA3657BA-5619-7B94-88E8-177FF9D8C5C1" value="false"/>
</engineerTo>
<pk>true</pk>
<usedAttributes>
<attributeRef>2B7FEBC7-7B9B-66CA-C8B7-37799B2313F1</attributeRef>
</usedAttributes>
</identifier>
</identifiers>
</Entity>