<?xml version = '1.0' encoding = 'UTF-8'?>
<Entity class="oracle.dbtools.crest.model.design.logical.Entity" directorySegmentName="seg_0" id="B48EB93C-4D12-1E1D-EB8D-BFF4EC7CBACF" name="Training">
<createdBy>rodrigo.lorandi_sout</createdBy>
<createdTime>2023-04-13 01:20:13 UTC</createdTime>
<ownerDesignName>alocacao</ownerDesignName>
<engineerTo>
<item key="EA3657BA-5619-7B94-88E8-177FF9D8C5C1" value="true"/>
</engineerTo>
<adequatelyNormalized>NO</adequatelyNormalized>
<expectedVolumes>0</expectedVolumes>
<fwdEngineeringStrategyName>Single Table</fwdEngineeringStrategyName>
<growthPercent>0</growthPercent>
<growthType>Year</growthType>
<maxVolumes>9999999</maxVolumes>
<minVolumes>0</minVolumes>
<normalForm>Third</normalForm>
<attributes itemClass="oracle.dbtools.crest.model.design.logical.Attribute">
<Attribute name="id training" id="C585847D-D4EE-03B1-93FE-3F8693E38E53">
<createdBy>rodrigo.lorandi_sout</createdBy>
<createdTime>2023-04-13 01:20:24 UTC</createdTime>
<ownerDesignName>alocacao</ownerDesignName>
<engineerTo>
<item key="EA3657BA-5619-7B94-88E8-177FF9D8C5C1" value="true"/>
</engineerTo>
<useDomainConstraints>false</useDomainConstraints>
<use>1</use>
<logicalDatatype>LOGDT019</logicalDatatype>
<ownDataTypeParameters>,,</ownDataTypeParameters>
</Attribute>
<Attribute name="name" id="3D537531-B481-BDC4-636F-9664DFA511A2">
<createdBy>rodrigo.lorandi_sout</createdBy>
<createdTime>2023-04-13 01:20:42 UTC</createdTime>
<ownerDesignName>alocacao</ownerDesignName>
<engineerTo>
<item key="EA3657BA-5619-7B94-88E8-177FF9D8C5C1" value="true"/>
</engineerTo>
<useDomainConstraints>false</useDomainConstraints>
<use>1</use>
<logicalDatatype>A3A3C77D-0366-9768-FF89-1C25E56881C8</logicalDatatype>
<ownDataTypeParameters>,,</ownDataTypeParameters>
</Attribute>
<Attribute name="duration" id="562E19C9-5EF4-C217-8410-F668511CDAB5">
<createdBy>rodrigo.lorandi_sout</createdBy>
<createdTime>2023-04-13 01:21:01 UTC</createdTime>
<ownerDesignName>alocacao</ownerDesignName>
<engineerTo>
<item key="EA3657BA-5619-7B94-88E8-177FF9D8C5C1" value="true"/>
</engineerTo>
<nullsAllowed>true</nullsAllowed>
<useDomainConstraints>false</useDomainConstraints>
<use>1</use>
<logicalDatatype>A3A3C77D-0366-9768-FF89-1C25E56881C8</logicalDatatype>
<ownDataTypeParameters>,,</ownDataTypeParameters>
</Attribute>
<Attribute name="description" id="3C8A6B51-9D99-C5C9-ADD4-B661FA5DE10C">
<createdBy>rodrigo.lorandi_sout</createdBy>
<createdTime>2023-04-13 02:26:18 UTC</createdTime>
<ownerDesignName>alocacao</ownerDesignName>
<engineerTo>
<item key="EA3657BA-5619-7B94-88E8-177FF9D8C5C1" value="true"/>
</engineerTo>
<nullsAllowed>true</nullsAllowed>
<useDomainConstraints>false</useDomainConstraints>
<use>1</use>
<logicalDatatype>A3A3C77D-0366-9768-FF89-1C25E56881C8</logicalDatatype>
<ownDataTypeParameters>,,</ownDataTypeParameters>
</Attribute>
</attributes>
<identifiers itemClass="oracle.dbtools.crest.model.design.logical.CandidateKey">
<identifier id="A1C3E783-A377-1F01-DCDA-973612DAC5C6" name="Training PK">
<createdBy>rodrigo.lorandi_sout</createdBy>
<createdTime>2023-04-13 01:20:38 UTC</createdTime>
<ownerDesignName>alocacao</ownerDesignName>
<shouldEngineer>false</shouldEngineer>
<engineerTo>
<item key="EA3657BA-5619-7B94-88E8-177FF9D8C5C1" value="false"/>
</engineerTo>
<pk>true</pk>
<usedAttributes>
<attributeRef>C585847D-D4EE-03B1-93FE-3F8693E38E53</attributeRef>
</usedAttributes>
</identifier>
</identifiers>
</Entity>