<?xml version = '1.0' encoding = 'UTF-8'?>
<Entity class="oracle.dbtools.crest.model.design.logical.Entity" directorySegmentName="seg_0" id="F7CF3615-EB7E-A770-4D1A-11C78CAC2C30" name="Client">
<createdBy>rodrigo.lorandi_sout</createdBy>
<createdTime>2023-04-12 22:48:23 UTC</createdTime>
<ownerDesignName>alocacao</ownerDesignName>
<engineerTo>
<item key="EA3657BA-5619-7B94-88E8-177FF9D8C5C1" value="true"/>
</engineerTo>
<adequatelyNormalized>NO</adequatelyNormalized>
<expectedVolumes>0</expectedVolumes>
<fwdEngineeringStrategyName>Single Table</fwdEngineeringStrategyName>
<growthPercent>0</growthPercent>
<growthType>Year</growthType>
<maxVolumes>9999999</maxVolumes>
<minVolumes>0</minVolumes>
<normalForm>Third</normalForm>
<attributes itemClass="oracle.dbtools.crest.model.design.logical.Attribute">
<Attribute name="id client" id="E61651AD-4F79-66F2-8D06-6E32A13DB342">
<createdBy>rodrigo.lorandi_sout</createdBy>
<createdTime>2023-04-12 22:48:41 UTC</createdTime>
<ownerDesignName>alocacao</ownerDesignName>
<engineerTo>
<item key="EA3657BA-5619-7B94-88E8-177FF9D8C5C1" value="true"/>
</engineerTo>
<useDomainConstraints>false</useDomainConstraints>
<use>1</use>
<logicalDatatype>LOGDT019</logicalDatatype>
<ownDataTypeParameters>,,</ownDataTypeParameters>
</Attribute>
<Attribute name="name" id="9BF277DC-F408-B26E-1AF7-101DCDC05AF2">
<createdBy>rodrigo.lorandi_sout</createdBy>
<createdTime>2023-04-12 22:49:58 UTC</createdTime>
<ownerDesignName>alocacao</ownerDesignName>
<engineerTo>
<item key="EA3657BA-5619-7B94-88E8-177FF9D8C5C1" value="true"/>
</engineerTo>
<useDomainConstraints>false</useDomainConstraints>
<use>1</use>
<logicalDatatype>A3A3C77D-0366-9768-FF89-1C25E56881C8</logicalDatatype>
<ownDataTypeParameters>,,</ownDataTypeParameters>
</Attribute>
<Attribute name="observation" id="6AB8E85E-C3F2-C85B-E6CC-8DEAAEBFEE37">
<createdBy>rodrigo.lorandi_sout</createdBy>
<createdTime>2023-04-13 00:09:05 UTC</createdTime>
<ownerDesignName>alocacao</ownerDesignName>
<engineerTo>
<item key="EA3657BA-5619-7B94-88E8-177FF9D8C5C1" value="true"/>
</engineerTo>
<nullsAllowed>true</nullsAllowed>
<useDomainConstraints>false</useDomainConstraints>
<use>1</use>
<logicalDatatype>A3A3C77D-0366-9768-FF89-1C25E56881C8</logicalDatatype>
<ownDataTypeParameters>,,</ownDataTypeParameters>
</Attribute>
<Attribute name="Address id address" id="6CDA04D5-D98F-C5AA-7E42-B569B2297984">
<createdBy>rodrigo.lorandi_sout</createdBy>
<createdTime>2023-04-13 01:18:42 UTC</createdTime>
<generatorID>BA4717F3-40E2-B1A3-2911-3484F63A2769</generatorID>
<ownerDesignName>alocacao</ownerDesignName>
<engineerTo>
<item key="EA3657BA-5619-7B94-88E8-177FF9D8C5C1" value="true"/>
</engineerTo>
<referedAttribute>3A87538F-9E83-AC39-73B7-93C6A2003FE0</referedAttribute>
<useDomainConstraints>false</useDomainConstraints>
<use>1</use>
<logicalDatatype>LOGDT019</logicalDatatype>
<ownDataTypeParameters>,,</ownDataTypeParameters>
</Attribute>
<Attribute name="phone" id="643CE362-A817-CCF9-0295-3300B5436E4D">
<createdBy>rodrigo.lorandi_sout</createdBy>
<createdTime>2023-04-13 02:18:36 UTC</createdTime>
<ownerDesignName>alocacao</ownerDesignName>
<engineerTo>
<item key="EA3657BA-5619-7B94-88E8-177FF9D8C5C1" value="true"/>
</engineerTo>
<nullsAllowed>true</nullsAllowed>
<use>0</use>
<ownDataTypeParameters>,,</ownDataTypeParameters>
</Attribute>
</attributes>
<identifiers itemClass="oracle.dbtools.crest.model.design.logical.CandidateKey">
<identifier id="E6FBCABF-C984-D5A7-3F53-3B3A1F6486BD" name="Client_PK">
<createdBy>rodrigo.lorandi_sout</createdBy>
<createdTime>2023-04-12 22:49:50 UTC</createdTime>
<ownerDesignName>alocacao</ownerDesignName>
<shouldEngineer>false</shouldEngineer>
<engineerTo>
<item key="EA3657BA-5619-7B94-88E8-177FF9D8C5C1" value="false"/>
</engineerTo>
<pk>true</pk>
<usedAttributes>
<attributeRef>E61651AD-4F79-66F2-8D06-6E32A13DB342</attributeRef>
</usedAttributes>
</identifier>
</identifiers>
</Entity>