<?xml version = '1.0' encoding = 'UTF-8'?>
<Table class="oracle.dbtools.crest.model.design.relational.Table" directorySegmentName="seg_0" id="E50EF0EC-36F0-B0FA-C5AC-901A786869B3" name="Professional">
<createdBy>rodrigo.lorandi_sout</createdBy>
<createdTime>2023-04-13 01:54:52 UTC</createdTime>
<generatorID>52E7C041-FB5D-6067-378D-18BC8F833BF5</generatorID>
<ownerDesignName>alocacao</ownerDesignName>
<allowColumnReorder>false</allowColumnReorder>
<existDependencyGenerateInDDl>true</existDependencyGenerateInDDl>
<parsed>true</parsed>
<columns itemClass="oracle.dbtools.crest.model.design.relational.Column">
<Column name="id_professional" id="9E9CB6B8-64E1-D9FF-3658-EBB5D3533EDB">
<createdBy>rodrigo.lorandi_sout</createdBy>
<createdTime>2023-04-13 01:54:52 UTC</createdTime>
<generatorID>D92F6C7D-8F61-F487-2F4B-127B1A47AF74</generatorID>
<ownerDesignName>alocacao</ownerDesignName>
<useDomainConstraints>false</useDomainConstraints>
<use>1</use>
<logicalDatatype>LOGDT019</logicalDatatype>
<ownDataTypeParameters>,,</ownDataTypeParameters>
<autoIncrementCycle>false</autoIncrementCycle>
</Column>
<Column name="name" id="641FF270-DD28-3A5B-9CB1-B7F8341A875D">
<createdBy>rodrigo.lorandi_sout</createdBy>
<createdTime>2023-04-13 01:54:52 UTC</createdTime>
<generatorID>4C0D517D-A52A-77EE-7AB7-78AB1D1D53AA</generatorID>
<ownerDesignName>alocacao</ownerDesignName>
<useDomainConstraints>false</useDomainConstraints>
<use>1</use>
<logicalDatatype>A3A3C77D-0366-9768-FF89-1C25E56881C8</logicalDatatype>
<ownDataTypeParameters>,,</ownDataTypeParameters>
<autoIncrementCycle>false</autoIncrementCycle>
</Column>
<Column name="corporate_email" id="9898E808-91B3-0AB2-B13C-0AB5DC42D697">
<createdBy>rodrigo.lorandi_sout</createdBy>
<createdTime>2023-04-13 01:54:52 UTC</createdTime>
<generatorID>2D2DC46F-40B9-F975-ED97-E02B5D973F54</generatorID>
<ownerDesignName>alocacao</ownerDesignName>
<useDomainConstraints>false</useDomainConstraints>
<use>1</use>
<logicalDatatype>A3A3C77D-0366-9768-FF89-1C25E56881C8</logicalDatatype>
<ownDataTypeParameters>,,</ownDataTypeParameters>
<autoIncrementCycle>false</autoIncrementCycle>
</Column>
<Column name="professional_status" id="14C0C19A-FABD-1435-25D9-245BD4BCA501">
<createdBy>rodrigo.lorandi_sout</createdBy>
<createdTime>2023-04-13 01:54:52 UTC</createdTime>
<generatorID>D5CC1C01-0C9D-2413-8706-2B97F523D611</generatorID>
<ownerDesignName>alocacao</ownerDesignName>
<useDomainConstraints>false</useDomainConstraints>
<use>1</use>
<logicalDatatype>A3A3C77D-0366-9768-FF89-1C25E56881C8</logicalDatatype>
<ownDataTypeParameters>,,</ownDataTypeParameters>
<autoIncrementCycle>false</autoIncrementCycle>
</Column>
<Column name="phone" id="1672D372-3B35-26B7-F827-03D3FB9DF86C">
<createdBy>rodrigo.lorandi_sout</createdBy>
<createdTime>2023-04-13 02:29:07 UTC</createdTime>
<generatorID>A02A6ED2-C68D-54AA-E9E5-3AAFE7BFF228</generatorID>
<ownerDesignName>alocacao</ownerDesignName>
<useDomainConstraints>false</useDomainConstraints>
<use>1</use>
<logicalDatatype>A3A3C77D-0366-9768-FF89-1C25E56881C8</logicalDatatype>
<ownDataTypeParameters>,,</ownDataTypeParameters>
<autoIncrementCycle>false</autoIncrementCycle>
</Column>
</columns>
<indexes itemClass="oracle.dbtools.crest.model.design.relational.Index">
<ind_PK_UK id="DF6206D5-C864-7EEB-2B2C-F1B5D8F59130" name="Professional_PK">
<createdBy>rodrigo.lorandi_sout</createdBy>
<createdTime>2023-04-13 01:54:52 UTC</createdTime>
<generatorID>B7444E12-8213-4A1A-F41E-52A1C273D1BF</generatorID>
<ownerDesignName>alocacao</ownerDesignName>
<pk>true</pk>
<indexState>Primary Constraint</indexState>
<isSurrogateKey>false</isSurrogateKey>
<indexColumnUsage>
<colUsage columnID="9E9CB6B8-64E1-D9FF-3658-EBB5D3533EDB"/>
</indexColumnUsage>
</ind_PK_UK>
</indexes>
</Table>