<?xml version = '1.0' encoding = 'UTF-8'?>
<FKIndexAssociation class="oracle.dbtools.crest.model.design.relational.FKIndexAssociation" directorySegmentName="seg_0" id="508B56E8-4FA8-E29F-AEAF-804490E645B0" containerWithKeyObject="BD195866-5CA1-29C2-97A6-83CB53457083" localFKIndex="4CBDEB1C-E533-AF7A-4AEB-54A8ADB87165" name="Relation_14_Training_FK">
<createdBy>rodrigo.lorandi_sout</createdBy>
<createdTime>2023-04-13 01:54:52 UTC</createdTime>
<generatorID>7A8650BD-71D2-CCD1-E6BE-4B35675E9A66</generatorID>
<ownerDesignName>alocacao</ownerDesignName>
<referredTableLongName>Training</referredTableLongName>
<deleteRule>NO ACTION</deleteRule>
<referredTableID>7759DF84-4AFF-FD0E-D152-C9E3E15310BE</referredTableID>
<keyObject>637FBA56-9BE1-EB1E-307B-1E7D537D8302</keyObject>
<referredKeyID>637FBA56-9BE1-EB1E-307B-1E7D537D8302</referredKeyID>
<mandatory>true</mandatory>
<refColNames>id_training</refColNames>
<transferable>true</transferable>
<rely>false</rely>
<columnDependencyConstraintGenerateInDDL>true</columnDependencyConstraintGenerateInDDL>
</FKIndexAssociation>